{"1": 0.30422210693359375, "10": 0.08749961853027344, "100": 0.9849071502685547, "1000": 7.277488708496094}