{"1": 0.07510185241699219, "10": 0.09369850158691406, "100": 0.7305145263671875, "1000": 7.119178771972656}