{"1": 0.014781951904296875, "10": 0.04482269287109375, "100": 0.2906322479248047, "1000": 3.4885406494140625}