{"1": 0.03600120544433594, "10": 0.03504753112792969, "100": 0.8418560028076172, "1000": 3.6287307739257812}